interaction_id,interaction_date,location,notes,bubble_id
0,2020-04-29,Location1,These are some notes for interaction 0,0
1,2020-05-06,Location25,These are some notes for interaction 1,0
2,2020-05-10,Location28,These are some notes for interaction 2,0
3,2020-05-19,Location16,These are some notes for interaction 3,0
4,2020-06-06,Location0,These are some notes for interaction 4,0
5,2020-06-30,Location6,These are some notes for interaction 5,0
6,2020-07-07,Location36,These are some notes for interaction 6,0
7,2020-07-18,Location24,These are some notes for interaction 7,0
8,2020-08-05,Location37,These are some notes for interaction 8,0
9,2020-10-18,Location39,These are some notes for interaction 9,1
10,2020-10-29,Location33,These are some notes for interaction 10,1
11,2020-10-31,Location50,These are some notes for interaction 11,1
12,2020-11-15,Location18,These are some notes for interaction 12,1
13,2020-11-26,Location40,These are some notes for interaction 13,1
14,2021-01-27,Location22,These are some notes for interaction 14,2
15,2021-02-09,Location28,These are some notes for interaction 15,2
16,2021-02-19,Location23,These are some notes for interaction 16,2
17,2021-02-20,Location25,These are some notes for interaction 17,2
18,2020-11-27,Location5,These are some notes for interaction 18,3
19,2020-12-05,Location17,These are some notes for interaction 19,3
20,2020-12-21,Location28,These are some notes for interaction 20,3
21,2020-03-25,Location48,These are some notes for interaction 21,4
22,2020-04-09,Location31,These are some notes for interaction 22,4
23,2020-05-04,Location34,These are some notes for interaction 23,4
24,2020-05-14,Location17,These are some notes for interaction 24,4
25,2020-06-29,Location32,These are some notes for interaction 25,5
26,2020-06-30,Location5,These are some notes for interaction 26,5
27,2020-06-30,Location10,These are some notes for interaction 27,5
28,2020-07-12,Location49,These are some notes for interaction 28,5
29,2020-11-03,Location50,These are some notes for interaction 29,6
30,2020-10-16,Location36,These are some notes for interaction 30,7
31,2020-10-29,Location47,These are some notes for interaction 31,7
32,2020-11-20,Location24,These are some notes for interaction 32,7
33,2020-08-31,Location41,These are some notes for interaction 33,8
34,2020-09-02,Location22,These are some notes for interaction 34,8
35,2020-09-11,Location3,These are some notes for interaction 35,8
36,2020-10-01,Location18,These are some notes for interaction 36,8
37,2020-10-13,Location22,These are some notes for interaction 37,8
38,2020-10-26,Location13,These are some notes for interaction 38,8
39,2020-11-11,Location15,These are some notes for interaction 39,8
40,2020-11-30,Location19,These are some notes for interaction 40,8
41,2020-12-05,Location14,These are some notes for interaction 41,8
42,2020-08-02,Location37,These are some notes for interaction 42,9
43,2020-08-25,Location14,These are some notes for interaction 43,9
44,2020-09-18,Location41,These are some notes for interaction 44,9
45,2020-10-13,Location14,These are some notes for interaction 45,9
46,2020-10-25,Location1,These are some notes for interaction 46,9
47,2020-11-01,Location34,These are some notes for interaction 47,9
48,2020-11-22,Location25,These are some notes for interaction 48,9
49,2020-11-30,Location36,These are some notes for interaction 49,9
50,2020-06-24,Location39,These are some notes for interaction 50,12
51,2020-07-06,Location37,These are some notes for interaction 51,12
52,2020-07-31,Location46,These are some notes for interaction 52,12
53,2020-08-17,Location24,These are some notes for interaction 53,12
54,2020-08-18,Location18,These are some notes for interaction 54,12
55,2020-08-30,Location17,These are some notes for interaction 55,12
56,2020-09-14,Location2,These are some notes for interaction 56,12
57,2020-09-26,Location10,These are some notes for interaction 57,12
58,2020-10-06,Location29,These are some notes for interaction 58,12
59,2020-07-19,Location36,These are some notes for interaction 59,13
60,2020-12-12,Location1,These are some notes for interaction 60,14
61,2020-12-19,Location10,These are some notes for interaction 61,14
62,2021-02-28,Location41,These are some notes for interaction 62,15
63,2021-02-21,Location0,These are some notes for interaction 63,16
64,2020-05-03,Location40,These are some notes for interaction 64,17
65,2020-12-14,Location16,These are some notes for interaction 65,18
66,2020-12-16,Location22,These are some notes for interaction 66,18
67,2020-10-09,Location4,These are some notes for interaction 67,19
68,2020-10-20,Location26,These are some notes for interaction 68,19
69,2020-04-15,Location46,These are some notes for interaction 69,20
70,2020-05-09,Location49,These are some notes for interaction 70,20
71,2020-05-28,Location33,These are some notes for interaction 71,20
72,2020-06-20,Location47,These are some notes for interaction 72,20
73,2020-07-10,Location49,These are some notes for interaction 73,20
74,2020-08-02,Location47,These are some notes for interaction 74,20
75,2020-08-19,Location25,These are some notes for interaction 75,20
76,2020-09-01,Location20,These are some notes for interaction 76,20
77,2020-07-05,Location45,These are some notes for interaction 77,21
78,2020-04-18,Location9,These are some notes for interaction 78,22
79,2020-05-09,Location31,These are some notes for interaction 79,22
80,2020-05-22,Location13,These are some notes for interaction 80,22
81,2020-06-02,Location10,These are some notes for interaction 81,22
82,2020-06-11,Location15,These are some notes for interaction 82,22
83,2020-06-16,Location47,These are some notes for interaction 83,22
84,2020-07-03,Location45,These are some notes for interaction 84,22
85,2020-07-27,Location0,These are some notes for interaction 85,22
86,2020-08-12,Location34,These are some notes for interaction 86,22
87,2020-08-20,Location36,These are some notes for interaction 87,23
88,2020-09-11,Location48,These are some notes for interaction 88,23
89,2020-09-21,Location48,These are some notes for interaction 89,23
90,2020-10-04,Location50,These are some notes for interaction 90,23
91,2020-10-17,Location40,These are some notes for interaction 91,23
92,2020-10-18,Location8,These are some notes for interaction 92,23
93,2020-07-16,Location36,These are some notes for interaction 93,24
94,2020-07-21,Location6,These are some notes for interaction 94,24
95,2020-08-06,Location5,These are some notes for interaction 95,24
96,2020-08-21,Location39,These are some notes for interaction 96,24
97,2020-09-10,Location29,These are some notes for interaction 97,24
98,2020-09-10,Location32,These are some notes for interaction 98,24
99,2020-07-23,Location42,These are some notes for interaction 99,25
100,2020-07-30,Location42,These are some notes for interaction 100,25
101,2020-08-04,Location29,These are some notes for interaction 101,25
102,2020-08-05,Location25,These are some notes for interaction 102,25
103,2020-08-20,Location34,These are some notes for interaction 103,25
104,2020-09-07,Location40,These are some notes for interaction 104,25
105,2020-09-17,Location46,These are some notes for interaction 105,25
106,2020-10-28,Location50,These are some notes for interaction 106,26
107,2020-11-20,Location8,These are some notes for interaction 107,27
108,2020-12-10,Location37,These are some notes for interaction 108,27
109,2020-12-31,Location21,These are some notes for interaction 109,27
110,2021-01-20,Location30,These are some notes for interaction 110,27
111,2021-01-26,Location47,These are some notes for interaction 111,27
112,2021-02-04,Location10,These are some notes for interaction 112,27
113,2021-02-07,Location29,These are some notes for interaction 113,27
114,2021-02-15,Location41,These are some notes for interaction 114,27
115,2021-03-04,Location49,These are some notes for interaction 115,27
116,2020-10-02,Location43,These are some notes for interaction 116,28
117,2020-10-06,Location31,These are some notes for interaction 117,28
118,2020-10-26,Location40,These are some notes for interaction 118,28
119,2020-11-02,Location7,These are some notes for interaction 119,28
120,2020-11-14,Location44,These are some notes for interaction 120,28
121,2020-04-23,Location17,These are some notes for interaction 121,29
122,2020-05-08,Location27,These are some notes for interaction 122,29
123,2020-05-20,Location12,These are some notes for interaction 123,29
124,2020-12-03,Location16,These are some notes for interaction 124,30
125,2020-12-17,Location40,These are some notes for interaction 125,30
126,2020-12-20,Location16,These are some notes for interaction 126,30
127,2021-01-02,Location4,These are some notes for interaction 127,30
128,2021-01-27,Location15,These are some notes for interaction 128,30
129,2020-06-14,Location4,These are some notes for interaction 129,31
130,2020-06-17,Location12,These are some notes for interaction 130,31
131,2020-06-24,Location12,These are some notes for interaction 131,31
132,2020-07-07,Location24,These are some notes for interaction 132,31
133,2020-07-26,Location18,These are some notes for interaction 133,31
134,2020-07-26,Location15,These are some notes for interaction 134,31
135,2020-08-19,Location6,These are some notes for interaction 135,31
136,2020-09-02,Location43,These are some notes for interaction 136,31
137,2020-09-18,Location22,These are some notes for interaction 137,31
138,2020-05-24,Location48,These are some notes for interaction 138,33
139,2020-05-27,Location31,These are some notes for interaction 139,33
140,2020-06-07,Location20,These are some notes for interaction 140,33
141,2020-06-09,Location18,These are some notes for interaction 141,33
142,2020-06-15,Location35,These are some notes for interaction 142,33
143,2020-06-27,Location25,These are some notes for interaction 143,33
144,2020-07-02,Location33,These are some notes for interaction 144,33
145,2020-12-28,Location31,These are some notes for interaction 145,34
146,2021-01-22,Location29,These are some notes for interaction 146,34
147,2020-12-26,Location7,These are some notes for interaction 147,35
148,2021-01-17,Location45,These are some notes for interaction 148,35
149,2021-01-23,Location8,These are some notes for interaction 149,35
150,2020-10-01,Location31,These are some notes for interaction 150,36
151,2020-10-02,Location40,These are some notes for interaction 151,36
152,2020-10-18,Location14,These are some notes for interaction 152,36
153,2020-10-19,Location19,These are some notes for interaction 153,36
154,2020-10-28,Location35,These are some notes for interaction 154,36
155,2021-01-11,Location13,These are some notes for interaction 155,37
156,2021-01-15,Location12,These are some notes for interaction 156,37
157,2021-01-24,Location34,These are some notes for interaction 157,37
158,2020-06-12,Location15,These are some notes for interaction 158,39
159,2020-07-03,Location1,These are some notes for interaction 159,39
160,2020-07-22,Location22,These are some notes for interaction 160,39
161,2020-08-14,Location39,These are some notes for interaction 161,39
162,2020-08-20,Location2,These are some notes for interaction 162,39
163,2020-09-01,Location4,These are some notes for interaction 163,39
164,2020-09-15,Location48,These are some notes for interaction 164,39
165,2020-10-07,Location5,These are some notes for interaction 165,39
166,2020-03-01,Location12,These are some notes for interaction 166,40
167,2020-03-05,Location34,These are some notes for interaction 167,40
168,2020-03-09,Location20,These are some notes for interaction 168,40
169,2020-04-01,Location27,These are some notes for interaction 169,40
170,2020-04-21,Location39,These are some notes for interaction 170,40
171,2020-05-07,Location18,These are some notes for interaction 171,40
172,2020-05-21,Location47,These are some notes for interaction 172,40
173,2020-06-12,Location10,These are some notes for interaction 173,40
174,2020-06-22,Location42,These are some notes for interaction 174,40
175,2020-06-28,Location43,These are some notes for interaction 175,40
176,2020-03-13,Location29,These are some notes for interaction 176,41
177,2020-12-23,Location48,These are some notes for interaction 177,42
178,2020-12-24,Location35,These are some notes for interaction 178,42
179,2021-01-08,Location29,These are some notes for interaction 179,42
180,2020-07-13,Location42,These are some notes for interaction 180,43
181,2020-07-13,Location17,These are some notes for interaction 181,43
182,2020-08-02,Location28,These are some notes for interaction 182,43
183,2020-08-04,Location12,These are some notes for interaction 183,43
184,2020-08-14,Location44,These are some notes for interaction 184,43
185,2020-08-22,Location19,These are some notes for interaction 185,43
186,2020-08-27,Location20,These are some notes for interaction 186,43
187,2020-09-15,Location5,These are some notes for interaction 187,43
188,2020-08-02,Location35,These are some notes for interaction 188,45
189,2020-08-17,Location4,These are some notes for interaction 189,45
190,2020-05-01,Location33,These are some notes for interaction 190,46
191,2020-05-20,Location40,These are some notes for interaction 191,46
192,2020-06-07,Location14,These are some notes for interaction 192,46
193,2020-06-25,Location14,These are some notes for interaction 193,46
194,2020-07-15,Location27,These are some notes for interaction 194,46
195,2020-07-16,Location42,These are some notes for interaction 195,46
196,2021-01-12,Location27,These are some notes for interaction 196,47
197,2021-01-29,Location29,These are some notes for interaction 197,47
198,2021-02-12,Location49,These are some notes for interaction 198,47
199,2021-02-25,Location45,These are some notes for interaction 199,47
200,2021-03-04,Location38,These are some notes for interaction 200,47
201,2021-02-08,Location41,These are some notes for interaction 201,48
202,2021-02-11,Location18,These are some notes for interaction 202,48
203,2021-02-20,Location37,These are some notes for interaction 203,49
204,2020-12-12,Location37,These are some notes for interaction 204,50
205,2021-01-29,Location19,These are some notes for interaction 205,51
206,2021-02-16,Location50,These are some notes for interaction 206,51
207,2021-02-28,Location27,These are some notes for interaction 207,51
208,2021-03-03,Location14,These are some notes for interaction 208,51
209,2021-03-08,Location45,These are some notes for interaction 209,52
210,2021-01-25,Location37,These are some notes for interaction 210,53
211,2021-02-18,Location11,These are some notes for interaction 211,53
212,2021-02-22,Location36,These are some notes for interaction 212,53
213,2021-02-24,Location49,These are some notes for interaction 213,53
214,2021-02-28,Location7,These are some notes for interaction 214,53
215,2021-03-09,Location17,These are some notes for interaction 215,53
216,2020-05-25,Location20,These are some notes for interaction 216,54
217,2020-06-18,Location21,These are some notes for interaction 217,54
218,2020-06-25,Location32,These are some notes for interaction 218,54
219,2020-07-01,Location23,These are some notes for interaction 219,54
220,2020-07-09,Location25,These are some notes for interaction 220,54
221,2020-07-13,Location11,These are some notes for interaction 221,54
222,2020-11-19,Location31,These are some notes for interaction 222,58
223,2020-11-25,Location30,These are some notes for interaction 223,58
224,2020-12-15,Location13,These are some notes for interaction 224,58
225,2020-12-16,Location42,These are some notes for interaction 225,58
226,2021-01-09,Location12,These are some notes for interaction 226,58
227,2021-01-16,Location8,These are some notes for interaction 227,58
228,2021-02-01,Location48,These are some notes for interaction 228,58
229,2021-02-14,Location9,These are some notes for interaction 229,58
230,2020-12-05,Location40,These are some notes for interaction 230,59
231,2020-12-13,Location50,These are some notes for interaction 231,59
232,2020-12-17,Location17,These are some notes for interaction 232,59
233,2021-01-06,Location37,These are some notes for interaction 233,59
234,2021-01-19,Location17,These are some notes for interaction 234,59
235,2021-01-06,Location44,These are some notes for interaction 235,60
236,2021-01-20,Location46,These are some notes for interaction 236,60
237,2020-05-19,Location20,These are some notes for interaction 237,61
238,2020-06-13,Location42,These are some notes for interaction 238,61
239,2020-06-19,Location43,These are some notes for interaction 239,61
240,2020-12-22,Location0,These are some notes for interaction 240,62
241,2020-12-23,Location11,These are some notes for interaction 241,62
242,2021-01-12,Location8,These are some notes for interaction 242,62
243,2021-02-04,Location25,These are some notes for interaction 243,62
244,2021-02-04,Location27,These are some notes for interaction 244,62
245,2021-02-21,Location10,These are some notes for interaction 245,62
246,2021-01-25,Location13,These are some notes for interaction 246,63
247,2021-02-10,Location17,These are some notes for interaction 247,63
248,2021-02-21,Location3,These are some notes for interaction 248,63
249,2020-06-29,Location14,These are some notes for interaction 249,65
250,2020-07-08,Location14,These are some notes for interaction 250,65
251,2020-07-13,Location33,These are some notes for interaction 251,65
252,2020-07-24,Location13,These are some notes for interaction 252,65
253,2020-08-09,Location4,These are some notes for interaction 253,65
254,2021-02-19,Location17,These are some notes for interaction 254,66
255,2020-12-31,Location13,These are some notes for interaction 255,67
256,2021-01-23,Location47,These are some notes for interaction 256,67
257,2021-02-03,Location44,These are some notes for interaction 257,67
258,2021-02-07,Location6,These are some notes for interaction 258,67
259,2021-02-16,Location6,These are some notes for interaction 259,67
260,2021-03-04,Location18,These are some notes for interaction 260,67
261,2020-10-20,Location1,These are some notes for interaction 261,68
262,2020-10-29,Location40,These are some notes for interaction 262,68
263,2020-11-04,Location23,These are some notes for interaction 263,68
264,2020-11-13,Location2,These are some notes for interaction 264,68
265,2020-11-23,Location22,These are some notes for interaction 265,68
266,2020-06-14,Location10,These are some notes for interaction 266,70
267,2020-09-13,Location0,These are some notes for interaction 267,71
268,2020-09-25,Location50,These are some notes for interaction 268,71
269,2020-10-08,Location31,These are some notes for interaction 269,71
270,2020-10-08,Location25,These are some notes for interaction 270,71
271,2020-10-18,Location38,These are some notes for interaction 271,71
272,2020-11-05,Location2,These are some notes for interaction 272,71
273,2020-11-15,Location10,These are some notes for interaction 273,71
274,2020-11-30,Location32,These are some notes for interaction 274,71
275,2020-12-08,Location31,These are some notes for interaction 275,71
276,2020-11-25,Location8,These are some notes for interaction 276,72
277,2020-12-18,Location21,These are some notes for interaction 277,72
278,2021-01-04,Location6,These are some notes for interaction 278,72
279,2021-01-22,Location18,These are some notes for interaction 279,72
280,2021-01-27,Location30,These are some notes for interaction 280,72
281,2021-02-11,Location25,These are some notes for interaction 281,72
282,2021-02-13,Location48,These are some notes for interaction 282,72
283,2020-05-16,Location28,These are some notes for interaction 283,73
284,2020-05-31,Location14,These are some notes for interaction 284,73
285,2020-06-17,Location44,These are some notes for interaction 285,73
286,2020-07-03,Location21,These are some notes for interaction 286,73
287,2020-07-11,Location39,These are some notes for interaction 287,73
288,2020-07-18,Location21,These are some notes for interaction 288,73
289,2020-07-28,Location50,These are some notes for interaction 289,73
290,2020-10-02,Location21,These are some notes for interaction 290,74
291,2020-10-14,Location1,These are some notes for interaction 291,74
292,2020-10-22,Location11,These are some notes for interaction 292,74
293,2020-10-24,Location14,These are some notes for interaction 293,74
294,2020-10-24,Location20,These are some notes for interaction 294,74
295,2020-11-16,Location19,These are some notes for interaction 295,74
296,2021-01-19,Location17,These are some notes for interaction 296,76
297,2021-02-06,Location13,These are some notes for interaction 297,76
298,2021-02-19,Location2,These are some notes for interaction 298,76
299,2021-02-27,Location19,These are some notes for interaction 299,76
300,2021-03-05,Location6,These are some notes for interaction 300,76
301,2021-03-08,Location10,These are some notes for interaction 301,76
302,2020-11-22,Location35,These are some notes for interaction 302,78
303,2020-12-16,Location6,These are some notes for interaction 303,78
304,2021-01-09,Location33,These are some notes for interaction 304,78
305,2021-01-26,Location27,These are some notes for interaction 305,78
306,2021-02-07,Location46,These are some notes for interaction 306,78
307,2021-02-17,Location43,These are some notes for interaction 307,78
308,2021-03-02,Location20,These are some notes for interaction 308,78
309,2020-08-23,Location28,These are some notes for interaction 309,79
310,2020-09-06,Location42,These are some notes for interaction 310,79
311,2020-09-18,Location31,These are some notes for interaction 311,79
312,2021-02-09,Location15,These are some notes for interaction 312,80
313,2021-03-03,Location45,These are some notes for interaction 313,80
314,2020-03-30,Location23,These are some notes for interaction 314,81
315,2020-04-20,Location24,These are some notes for interaction 315,81
316,2020-08-03,Location16,These are some notes for interaction 316,82
317,2020-08-16,Location13,These are some notes for interaction 317,82
318,2020-09-05,Location40,These are some notes for interaction 318,83
319,2020-09-21,Location32,These are some notes for interaction 319,83
320,2020-10-10,Location10,These are some notes for interaction 320,83
321,2020-10-15,Location35,These are some notes for interaction 321,83
322,2020-10-31,Location27,These are some notes for interaction 322,83
323,2020-11-14,Location18,These are some notes for interaction 323,83
324,2020-06-03,Location24,These are some notes for interaction 324,84
325,2020-06-09,Location11,These are some notes for interaction 325,84
326,2020-06-10,Location28,These are some notes for interaction 326,84
327,2020-06-29,Location49,These are some notes for interaction 327,84
328,2020-07-14,Location45,These are some notes for interaction 328,84
329,2020-09-19,Location32,These are some notes for interaction 329,85
330,2020-09-21,Location36,These are some notes for interaction 330,85
331,2020-09-28,Location43,These are some notes for interaction 331,85
332,2020-10-19,Location30,These are some notes for interaction 332,85
333,2020-11-05,Location23,These are some notes for interaction 333,85
334,2020-11-06,Location38,These are some notes for interaction 334,85
335,2020-11-23,Location8,These are some notes for interaction 335,85
336,2020-12-08,Location2,These are some notes for interaction 336,85
337,2020-12-12,Location7,These are some notes for interaction 337,85
338,2020-12-14,Location25,These are some notes for interaction 338,85
339,2020-12-30,Location23,These are some notes for interaction 339,86
340,2021-01-03,Location30,These are some notes for interaction 340,86
341,2021-01-28,Location14,These are some notes for interaction 341,86
342,2021-02-07,Location20,These are some notes for interaction 342,86
343,2021-02-19,Location7,These are some notes for interaction 343,86
344,2021-02-21,Location38,These are some notes for interaction 344,86
345,2021-03-04,Location12,These are some notes for interaction 345,86
346,2020-07-17,Location48,These are some notes for interaction 346,87
347,2020-08-09,Location27,These are some notes for interaction 347,87
348,2020-08-24,Location4,These are some notes for interaction 348,87
349,2020-05-23,Location13,These are some notes for interaction 349,88
350,2020-06-05,Location40,These are some notes for interaction 350,88
351,2020-06-19,Location6,These are some notes for interaction 351,88
352,2020-06-20,Location46,These are some notes for interaction 352,88
353,2020-06-28,Location48,These are some notes for interaction 353,88
354,2020-06-30,Location49,These are some notes for interaction 354,88
355,2020-07-19,Location7,These are some notes for interaction 355,88
356,2020-07-30,Location27,These are some notes for interaction 356,88
357,2020-07-31,Location34,These are some notes for interaction 357,88
358,2020-11-08,Location2,These are some notes for interaction 358,89
359,2020-11-26,Location45,These are some notes for interaction 359,89
360,2020-12-19,Location16,These are some notes for interaction 360,89
361,2020-12-28,Location48,These are some notes for interaction 361,89
362,2021-01-01,Location41,These are some notes for interaction 362,89
363,2021-01-14,Location28,These are some notes for interaction 363,89
364,2021-02-08,Location37,These are some notes for interaction 364,89
365,2021-03-04,Location3,These are some notes for interaction 365,89
366,2020-03-29,Location37,These are some notes for interaction 366,90
367,2020-04-03,Location49,These are some notes for interaction 367,90
368,2020-06-09,Location22,These are some notes for interaction 368,91
369,2020-06-22,Location50,These are some notes for interaction 369,91
370,2020-06-24,Location25,These are some notes for interaction 370,91
371,2021-01-22,Location44,These are some notes for interaction 371,92
372,2021-01-28,Location31,These are some notes for interaction 372,92
373,2021-02-05,Location3,These are some notes for interaction 373,92
374,2021-03-02,Location37,These are some notes for interaction 374,92
375,2021-03-06,Location37,These are some notes for interaction 375,92
376,2021-03-09,Location38,These are some notes for interaction 376,92
377,2020-08-15,Location26,These are some notes for interaction 377,93
378,2020-08-24,Location0,These are some notes for interaction 378,93
379,2020-08-27,Location4,These are some notes for interaction 379,93
380,2020-09-07,Location43,These are some notes for interaction 380,93
381,2020-09-18,Location39,These are some notes for interaction 381,93
382,2020-10-04,Location30,These are some notes for interaction 382,93
383,2020-09-17,Location8,These are some notes for interaction 383,94
384,2020-09-23,Location49,These are some notes for interaction 384,94
385,2021-01-22,Location18,These are some notes for interaction 385,95
386,2020-07-27,Location18,These are some notes for interaction 386,96
387,2020-07-27,Location13,These are some notes for interaction 387,96
388,2020-08-20,Location34,These are some notes for interaction 388,96
389,2020-08-23,Location8,These are some notes for interaction 389,96
390,2020-08-27,Location15,These are some notes for interaction 390,96
391,2020-09-16,Location37,These are some notes for interaction 391,96
392,2020-10-05,Location24,These are some notes for interaction 392,96
393,2020-10-27,Location42,These are some notes for interaction 393,96
394,2020-06-20,Location20,These are some notes for interaction 394,98
395,2020-06-29,Location47,These are some notes for interaction 395,98
396,2020-07-18,Location27,These are some notes for interaction 396,98
397,2020-12-03,Location40,These are some notes for interaction 397,99
398,2020-12-04,Location0,These are some notes for interaction 398,99
399,2020-12-08,Location25,These are some notes for interaction 399,99
400,2020-12-14,Location48,These are some notes for interaction 400,99
401,2020-12-19,Location36,These are some notes for interaction 401,99
402,2020-12-21,Location1,These are some notes for interaction 402,99
403,2020-12-23,Location47,These are some notes for interaction 403,99
404,2021-01-10,Location22,These are some notes for interaction 404,99
405,2021-02-01,Location11,These are some notes for interaction 405,99
406,2021-02-22,Location50,These are some notes for interaction 406,99
407,2020-07-26,Location30,These are some notes for interaction 407,100
408,2020-08-11,Location42,These are some notes for interaction 408,100
409,2020-12-14,Location27,These are some notes for interaction 409,101
410,2021-01-06,Location37,These are some notes for interaction 410,101
411,2021-01-24,Location23,These are some notes for interaction 411,101
412,2021-02-01,Location44,These are some notes for interaction 412,101
413,2021-02-15,Location26,These are some notes for interaction 413,101
414,2020-12-12,Location26,These are some notes for interaction 414,102
415,2021-01-12,Location45,These are some notes for interaction 415,103
416,2021-01-15,Location23,These are some notes for interaction 416,103
417,2021-01-15,Location15,These are some notes for interaction 417,103
418,2021-01-16,Location12,These are some notes for interaction 418,103
419,2021-01-16,Location4,These are some notes for interaction 419,103
420,2020-10-18,Location48,These are some notes for interaction 420,104
421,2020-11-08,Location1,These are some notes for interaction 421,104
422,2020-11-24,Location44,These are some notes for interaction 422,104
423,2020-05-24,Location15,These are some notes for interaction 423,105
424,2020-06-13,Location28,These are some notes for interaction 424,105
425,2020-07-06,Location30,These are some notes for interaction 425,105
426,2020-07-25,Location34,These are some notes for interaction 426,105
427,2020-08-05,Location42,These are some notes for interaction 427,105
428,2020-08-08,Location15,These are some notes for interaction 428,105
429,2020-08-09,Location44,These are some notes for interaction 429,105
430,2020-08-24,Location15,These are some notes for interaction 430,105
431,2020-09-13,Location25,These are some notes for interaction 431,105
432,2020-11-10,Location14,These are some notes for interaction 432,107
433,2020-11-21,Location4,These are some notes for interaction 433,107
434,2020-11-27,Location33,These are some notes for interaction 434,107
435,2020-12-14,Location40,These are some notes for interaction 435,107
436,2021-01-03,Location15,These are some notes for interaction 436,107
437,2021-01-20,Location25,These are some notes for interaction 437,107
438,2020-07-27,Location45,These are some notes for interaction 438,108
439,2020-08-08,Location29,These are some notes for interaction 439,108
440,2020-08-17,Location48,These are some notes for interaction 440,108
441,2020-08-17,Location11,These are some notes for interaction 441,108
442,2020-09-09,Location13,These are some notes for interaction 442,108
443,2020-09-12,Location30,These are some notes for interaction 443,108
444,2020-05-08,Location45,These are some notes for interaction 444,109
445,2020-05-09,Location8,These are some notes for interaction 445,109
446,2020-07-09,Location10,These are some notes for interaction 446,111
447,2020-07-18,Location48,These are some notes for interaction 447,111
448,2020-08-12,Location44,These are some notes for interaction 448,111
449,2020-08-25,Location7,These are some notes for interaction 449,111
450,2020-09-01,Location26,These are some notes for interaction 450,111
451,2020-09-15,Location39,These are some notes for interaction 451,111
452,2020-10-01,Location10,These are some notes for interaction 452,111
453,2020-10-10,Location8,These are some notes for interaction 453,111
454,2020-10-16,Location42,These are some notes for interaction 454,111
455,2020-11-12,Location32,These are some notes for interaction 455,113
456,2020-12-02,Location3,These are some notes for interaction 456,113
457,2020-12-06,Location25,These are some notes for interaction 457,113
458,2020-12-27,Location25,These are some notes for interaction 458,113
459,2021-01-17,Location37,These are some notes for interaction 459,113
460,2021-01-23,Location4,These are some notes for interaction 460,113
461,2021-01-24,Location28,These are some notes for interaction 461,113
462,2021-01-31,Location47,These are some notes for interaction 462,113
463,2020-06-26,Location5,These are some notes for interaction 463,114
464,2020-07-09,Location0,These are some notes for interaction 464,114
465,2020-07-22,Location21,These are some notes for interaction 465,114
466,2020-07-24,Location1,These are some notes for interaction 466,114
467,2020-07-25,Location25,These are some notes for interaction 467,114
468,2020-07-28,Location36,These are some notes for interaction 468,114
469,2020-08-20,Location9,These are some notes for interaction 469,114
470,2021-02-13,Location13,These are some notes for interaction 470,115
471,2020-07-02,Location47,These are some notes for interaction 471,116
472,2020-07-03,Location3,These are some notes for interaction 472,116
473,2020-07-26,Location36,These are some notes for interaction 473,116
474,2020-08-14,Location12,These are some notes for interaction 474,116
475,2020-08-15,Location6,These are some notes for interaction 475,116
476,2020-08-28,Location33,These are some notes for interaction 476,116
477,2020-08-31,Location40,These are some notes for interaction 477,116
478,2020-09-08,Location46,These are some notes for interaction 478,116
479,2020-10-03,Location33,These are some notes for interaction 479,116
480,2020-10-16,Location5,These are some notes for interaction 480,116
481,2020-10-23,Location29,These are some notes for interaction 481,117
482,2020-03-30,Location10,These are some notes for interaction 482,118
483,2020-04-02,Location33,These are some notes for interaction 483,118
484,2020-04-27,Location23,These are some notes for interaction 484,118
485,2020-05-14,Location44,These are some notes for interaction 485,118
486,2020-05-25,Location3,These are some notes for interaction 486,118
487,2020-06-06,Location44,These are some notes for interaction 487,118
488,2020-06-13,Location7,These are some notes for interaction 488,118
489,2020-06-15,Location32,These are some notes for interaction 489,118
490,2020-07-04,Location12,These are some notes for interaction 490,118
491,2020-10-07,Location8,These are some notes for interaction 491,119
492,2020-07-22,Location4,These are some notes for interaction 492,120
493,2020-08-02,Location4,These are some notes for interaction 493,120
494,2020-08-24,Location49,These are some notes for interaction 494,120
495,2020-09-09,Location35,These are some notes for interaction 495,120
496,2020-09-26,Location43,These are some notes for interaction 496,120
497,2020-08-18,Location44,These are some notes for interaction 497,121
498,2020-08-29,Location45,These are some notes for interaction 498,121
499,2020-09-18,Location8,These are some notes for interaction 499,121
500,2020-09-27,Location32,These are some notes for interaction 500,121
501,2020-11-06,Location20,These are some notes for interaction 501,122
502,2020-11-30,Location17,These are some notes for interaction 502,122
503,2020-12-05,Location1,These are some notes for interaction 503,122
504,2020-09-03,Location25,These are some notes for interaction 504,123
505,2020-08-30,Location35,These are some notes for interaction 505,124
506,2020-08-30,Location38,These are some notes for interaction 506,124
507,2020-09-15,Location11,These are some notes for interaction 507,124
508,2020-10-02,Location42,These are some notes for interaction 508,124
509,2020-10-07,Location17,These are some notes for interaction 509,124
510,2020-10-21,Location26,These are some notes for interaction 510,124
511,2020-11-06,Location15,These are some notes for interaction 511,124
512,2020-11-16,Location37,These are some notes for interaction 512,124
513,2020-11-21,Location32,These are some notes for interaction 513,124
514,2020-10-12,Location19,These are some notes for interaction 514,125
515,2020-10-14,Location10,These are some notes for interaction 515,125
516,2020-10-23,Location40,These are some notes for interaction 516,125
517,2020-11-05,Location49,These are some notes for interaction 517,125
518,2020-11-25,Location26,These are some notes for interaction 518,125
519,2020-12-10,Location21,These are some notes for interaction 519,125
520,2020-05-20,Location13,These are some notes for interaction 520,126
521,2020-05-25,Location39,These are some notes for interaction 521,126
522,2020-06-07,Location19,These are some notes for interaction 522,126
523,2020-06-21,Location22,These are some notes for interaction 523,126
524,2020-06-27,Location12,These are some notes for interaction 524,126
525,2020-07-01,Location21,These are some notes for interaction 525,126
526,2020-08-26,Location13,These are some notes for interaction 526,127
527,2021-01-18,Location18,These are some notes for interaction 527,129
528,2021-01-26,Location35,These are some notes for interaction 528,129
529,2021-02-09,Location13,These are some notes for interaction 529,129
530,2021-02-15,Location35,These are some notes for interaction 530,129
531,2021-02-27,Location0,These are some notes for interaction 531,129
532,2020-12-24,Location4,These are some notes for interaction 532,130
533,2021-01-14,Location13,These are some notes for interaction 533,130
534,2021-01-22,Location0,These are some notes for interaction 534,130
535,2021-02-07,Location38,These are some notes for interaction 535,130
536,2021-01-24,Location34,These are some notes for interaction 536,131
537,2021-02-11,Location26,These are some notes for interaction 537,131
538,2021-02-22,Location41,These are some notes for interaction 538,131
539,2020-07-08,Location25,These are some notes for interaction 539,132
540,2020-07-20,Location9,These are some notes for interaction 540,132
541,2020-08-06,Location29,These are some notes for interaction 541,132
542,2020-03-01,Location8,These are some notes for interaction 542,133
543,2020-03-08,Location43,These are some notes for interaction 543,133
544,2020-03-16,Location47,These are some notes for interaction 544,133
545,2020-03-22,Location48,These are some notes for interaction 545,133
546,2020-03-30,Location1,These are some notes for interaction 546,133
547,2020-04-17,Location29,These are some notes for interaction 547,133
548,2020-08-31,Location33,These are some notes for interaction 548,134
549,2020-09-22,Location45,These are some notes for interaction 549,134
550,2020-10-14,Location42,These are some notes for interaction 550,135
551,2020-10-21,Location41,These are some notes for interaction 551,135
552,2020-11-15,Location15,These are some notes for interaction 552,135
553,2020-11-21,Location44,These are some notes for interaction 553,135
554,2020-11-29,Location27,These are some notes for interaction 554,135
555,2020-12-11,Location3,These are some notes for interaction 555,135
556,2020-12-24,Location14,These are some notes for interaction 556,135
557,2020-06-14,Location2,These are some notes for interaction 557,136
558,2020-06-18,Location35,These are some notes for interaction 558,136
559,2020-06-25,Location11,These are some notes for interaction 559,136
560,2020-08-12,Location29,These are some notes for interaction 560,137
561,2020-09-06,Location13,These are some notes for interaction 561,137
562,2020-09-25,Location28,These are some notes for interaction 562,137
563,2020-10-09,Location19,These are some notes for interaction 563,137
564,2020-11-03,Location25,These are some notes for interaction 564,137
565,2020-11-22,Location39,These are some notes for interaction 565,137
566,2020-11-24,Location18,These are some notes for interaction 566,137
567,2020-12-06,Location33,These are some notes for interaction 567,137
568,2020-12-28,Location49,These are some notes for interaction 568,137
569,2021-01-22,Location45,These are some notes for interaction 569,137
570,2020-11-12,Location10,These are some notes for interaction 570,138
571,2021-01-05,Location0,These are some notes for interaction 571,139
572,2021-01-15,Location25,These are some notes for interaction 572,139
573,2021-02-05,Location43,These are some notes for interaction 573,139
574,2020-11-08,Location12,These are some notes for interaction 574,140
575,2020-11-20,Location8,These are some notes for interaction 575,140
576,2020-12-10,Location29,These are some notes for interaction 576,140
577,2020-07-01,Location47,These are some notes for interaction 577,141
578,2020-07-04,Location43,These are some notes for interaction 578,141
579,2020-07-10,Location34,These are some notes for interaction 579,141
580,2020-08-01,Location0,These are some notes for interaction 580,141
581,2020-08-06,Location28,These are some notes for interaction 581,141
582,2020-08-21,Location20,These are some notes for interaction 582,141
583,2020-09-14,Location44,These are some notes for interaction 583,141
584,2020-06-19,Location14,These are some notes for interaction 584,143
585,2020-12-12,Location38,These are some notes for interaction 585,144
586,2021-01-04,Location30,These are some notes for interaction 586,144
587,2021-01-19,Location31,These are some notes for interaction 587,144
588,2021-02-02,Location3,These are some notes for interaction 588,144
589,2021-02-13,Location33,These are some notes for interaction 589,144
590,2021-02-13,Location34,These are some notes for interaction 590,144
591,2021-02-17,Location33,These are some notes for interaction 591,144
592,2021-02-26,Location4,These are some notes for interaction 592,144
593,2020-03-19,Location25,These are some notes for interaction 593,145
594,2020-03-26,Location39,These are some notes for interaction 594,145
595,2020-04-20,Location10,These are some notes for interaction 595,145
596,2020-05-01,Location48,These are some notes for interaction 596,145
597,2020-05-07,Location0,These are some notes for interaction 597,145
598,2020-10-25,Location49,These are some notes for interaction 598,147
599,2020-11-16,Location45,These are some notes for interaction 599,147
600,2020-12-06,Location37,These are some notes for interaction 600,147
601,2020-12-30,Location17,These are some notes for interaction 601,147
602,2021-01-23,Location33,These are some notes for interaction 602,147
603,2021-02-05,Location32,These are some notes for interaction 603,147
604,2021-02-20,Location14,These are some notes for interaction 604,147
605,2021-03-05,Location3,These are some notes for interaction 605,147
606,2020-04-11,Location45,These are some notes for interaction 606,148
607,2020-04-22,Location38,These are some notes for interaction 607,148
608,2020-04-19,Location21,These are some notes for interaction 608,149
609,2020-04-21,Location26,These are some notes for interaction 609,149
610,2020-05-03,Location18,These are some notes for interaction 610,149
611,2020-11-11,Location31,These are some notes for interaction 611,150
612,2020-10-13,Location43,These are some notes for interaction 612,151
613,2020-11-07,Location44,These are some notes for interaction 613,151
614,2020-11-19,Location39,These are some notes for interaction 614,151
615,2020-11-25,Location7,These are some notes for interaction 615,151
616,2020-11-25,Location13,These are some notes for interaction 616,151
617,2020-12-14,Location23,These are some notes for interaction 617,151
618,2020-12-17,Location24,These are some notes for interaction 618,151
619,2020-12-28,Location32,These are some notes for interaction 619,151
620,2021-01-07,Location48,These are some notes for interaction 620,151
621,2021-01-04,Location25,These are some notes for interaction 621,152
622,2021-01-09,Location33,These are some notes for interaction 622,152
623,2021-01-22,Location45,These are some notes for interaction 623,152
624,2021-01-25,Location2,These are some notes for interaction 624,152
625,2021-02-10,Location21,These are some notes for interaction 625,152
626,2020-08-16,Location21,These are some notes for interaction 626,153
627,2020-09-10,Location4,These are some notes for interaction 627,153
628,2020-09-29,Location7,These are some notes for interaction 628,153
629,2021-03-07,Location28,These are some notes for interaction 629,154
630,2021-02-03,Location20,These are some notes for interaction 630,155
631,2021-02-27,Location31,These are some notes for interaction 631,155
632,2020-12-30,Location25,These are some notes for interaction 632,156
633,2021-01-03,Location49,These are some notes for interaction 633,156
634,2021-01-16,Location42,These are some notes for interaction 634,156
635,2021-02-05,Location6,These are some notes for interaction 635,156
636,2021-02-24,Location7,These are some notes for interaction 636,156
637,2020-11-13,Location26,These are some notes for interaction 637,157
638,2020-11-25,Location41,These are some notes for interaction 638,157
639,2020-12-20,Location47,These are some notes for interaction 639,157
640,2020-12-22,Location29,These are some notes for interaction 640,157
641,2020-12-22,Location39,These are some notes for interaction 641,157
642,2021-01-13,Location46,These are some notes for interaction 642,157
643,2021-01-19,Location39,These are some notes for interaction 643,157
644,2021-01-22,Location2,These are some notes for interaction 644,157
645,2021-01-29,Location29,These are some notes for interaction 645,157
646,2021-02-11,Location3,These are some notes for interaction 646,157
647,2020-03-19,Location46,These are some notes for interaction 647,158
648,2020-04-05,Location36,These are some notes for interaction 648,158
649,2020-04-21,Location20,These are some notes for interaction 649,158
650,2020-04-23,Location30,These are some notes for interaction 650,158
651,2020-04-28,Location32,These are some notes for interaction 651,158
652,2020-05-19,Location15,These are some notes for interaction 652,158
653,2020-05-19,Location22,These are some notes for interaction 653,158
654,2020-05-19,Location28,These are some notes for interaction 654,158
655,2020-05-21,Location35,These are some notes for interaction 655,158
656,2021-03-06,Location39,These are some notes for interaction 656,159
657,2021-03-08,Location28,These are some notes for interaction 657,159
658,2020-08-19,Location32,These are some notes for interaction 658,160
659,2020-09-01,Location47,These are some notes for interaction 659,160
660,2020-09-06,Location19,These are some notes for interaction 660,160
661,2020-09-13,Location1,These are some notes for interaction 661,160
662,2020-09-16,Location18,These are some notes for interaction 662,160
663,2020-07-21,Location0,These are some notes for interaction 663,161
664,2020-08-08,Location49,These are some notes for interaction 664,161
665,2020-08-19,Location44,These are some notes for interaction 665,161
666,2020-09-10,Location18,These are some notes for interaction 666,161
667,2020-09-28,Location35,These are some notes for interaction 667,161
668,2020-10-14,Location36,These are some notes for interaction 668,161
669,2020-10-20,Location30,These are some notes for interaction 669,161
670,2020-11-06,Location50,These are some notes for interaction 670,161
671,2020-11-26,Location25,These are some notes for interaction 671,161
672,2020-12-04,Location14,These are some notes for interaction 672,161
673,2020-06-10,Location48,These are some notes for interaction 673,162
674,2020-07-03,Location36,These are some notes for interaction 674,163
675,2020-07-17,Location34,These are some notes for interaction 675,163
676,2020-08-05,Location40,These are some notes for interaction 676,163
677,2020-08-16,Location41,These are some notes for interaction 677,163
678,2020-08-24,Location46,These are some notes for interaction 678,163
679,2020-09-18,Location23,These are some notes for interaction 679,163
680,2020-10-01,Location22,These are some notes for interaction 680,163
681,2020-10-05,Location42,These are some notes for interaction 681,163
682,2020-10-23,Location0,These are some notes for interaction 682,163
683,2020-12-20,Location6,These are some notes for interaction 683,164
684,2020-12-23,Location22,These are some notes for interaction 684,164
685,2021-01-13,Location2,These are some notes for interaction 685,164
686,2021-01-22,Location50,These are some notes for interaction 686,164
687,2021-01-29,Location9,These are some notes for interaction 687,164
688,2021-02-12,Location15,These are some notes for interaction 688,164
689,2021-03-07,Location26,These are some notes for interaction 689,164
690,2021-03-07,Location44,These are some notes for interaction 690,164
691,2020-03-06,Location6,These are some notes for interaction 691,165
692,2020-03-14,Location10,These are some notes for interaction 692,165
693,2020-03-15,Location42,These are some notes for interaction 693,165
694,2020-03-28,Location11,These are some notes for interaction 694,165
695,2020-04-09,Location30,These are some notes for interaction 695,165
696,2020-04-12,Location38,These are some notes for interaction 696,165
697,2020-04-13,Location6,These are some notes for interaction 697,165
698,2020-04-21,Location3,These are some notes for interaction 698,165
699,2020-06-10,Location48,These are some notes for interaction 699,166
700,2020-06-29,Location2,These are some notes for interaction 700,166
701,2020-07-09,Location9,These are some notes for interaction 701,166
702,2020-07-29,Location41,These are some notes for interaction 702,166
703,2020-08-07,Location40,These are some notes for interaction 703,166
704,2020-08-21,Location17,These are some notes for interaction 704,166
705,2020-09-15,Location0,These are some notes for interaction 705,166
706,2020-10-10,Location38,These are some notes for interaction 706,166
707,2020-12-31,Location38,These are some notes for interaction 707,168
708,2020-10-01,Location22,These are some notes for interaction 708,169
709,2020-10-18,Location28,These are some notes for interaction 709,169
710,2020-10-26,Location30,These are some notes for interaction 710,169
711,2020-11-07,Location17,These are some notes for interaction 711,169
712,2020-11-07,Location39,These are some notes for interaction 712,169
713,2020-11-08,Location29,These are some notes for interaction 713,169
714,2020-11-26,Location45,These are some notes for interaction 714,169
715,2020-12-15,Location33,These are some notes for interaction 715,169
716,2021-03-01,Location45,These are some notes for interaction 716,170
717,2020-10-13,Location22,These are some notes for interaction 717,171
718,2020-11-06,Location4,These are some notes for interaction 718,171
719,2020-11-23,Location24,These are some notes for interaction 719,171
720,2020-11-25,Location3,These are some notes for interaction 720,171
721,2020-12-05,Location20,These are some notes for interaction 721,171
722,2020-12-24,Location20,These are some notes for interaction 722,171
723,2020-07-14,Location1,These are some notes for interaction 723,172
724,2020-07-16,Location32,These are some notes for interaction 724,172
725,2020-07-28,Location8,These are some notes for interaction 725,172
726,2020-08-08,Location45,These are some notes for interaction 726,172
727,2020-08-19,Location44,These are some notes for interaction 727,172
728,2020-08-28,Location40,These are some notes for interaction 728,172
729,2020-09-22,Location33,These are some notes for interaction 729,172
730,2020-09-24,Location6,These are some notes for interaction 730,172
731,2020-09-27,Location34,These are some notes for interaction 731,172
732,2020-12-09,Location49,These are some notes for interaction 732,173
733,2021-01-03,Location44,These are some notes for interaction 733,173
734,2021-01-26,Location28,These are some notes for interaction 734,173
735,2021-01-28,Location32,These are some notes for interaction 735,173
736,2021-02-02,Location29,These are some notes for interaction 736,173
737,2021-02-17,Location3,These are some notes for interaction 737,173
738,2021-02-25,Location14,These are some notes for interaction 738,173
739,2020-04-17,Location46,These are some notes for interaction 739,174
740,2020-05-04,Location14,These are some notes for interaction 740,174
741,2020-05-29,Location37,These are some notes for interaction 741,174
742,2020-06-09,Location50,These are some notes for interaction 742,174
743,2021-02-05,Location25,These are some notes for interaction 743,176
744,2021-02-12,Location22,These are some notes for interaction 744,176
745,2021-02-16,Location9,These are some notes for interaction 745,176
746,2020-05-05,Location38,These are some notes for interaction 746,177
747,2020-05-10,Location30,These are some notes for interaction 747,177
748,2020-05-22,Location25,These are some notes for interaction 748,177
749,2021-02-26,Location27,These are some notes for interaction 749,178
750,2020-12-12,Location4,These are some notes for interaction 750,179
751,2020-06-28,Location4,These are some notes for interaction 751,181
752,2020-07-04,Location25,These are some notes for interaction 752,181
753,2020-07-28,Location50,These are some notes for interaction 753,181
754,2020-08-05,Location25,These are some notes for interaction 754,181
755,2020-08-07,Location13,These are some notes for interaction 755,181
756,2020-08-16,Location41,These are some notes for interaction 756,181
757,2020-08-10,Location40,These are some notes for interaction 757,182
758,2020-08-28,Location33,These are some notes for interaction 758,182
759,2020-09-10,Location5,These are some notes for interaction 759,182
760,2020-09-16,Location4,These are some notes for interaction 760,182
761,2020-10-07,Location16,These are some notes for interaction 761,182
762,2020-05-16,Location18,These are some notes for interaction 762,183
763,2020-06-06,Location39,These are some notes for interaction 763,183
764,2020-06-08,Location12,These are some notes for interaction 764,183
765,2020-06-23,Location23,These are some notes for interaction 765,183
766,2020-07-18,Location9,These are some notes for interaction 766,183
767,2020-07-20,Location29,These are some notes for interaction 767,183
768,2020-08-12,Location9,These are some notes for interaction 768,183
769,2021-02-18,Location18,These are some notes for interaction 769,184
770,2021-02-25,Location27,These are some notes for interaction 770,184
771,2021-01-11,Location5,These are some notes for interaction 771,185
772,2021-01-15,Location38,These are some notes for interaction 772,185
773,2020-05-31,Location21,These are some notes for interaction 773,186
774,2020-06-06,Location23,These are some notes for interaction 774,186
775,2020-06-19,Location46,These are some notes for interaction 775,186
776,2020-06-29,Location47,These are some notes for interaction 776,186
777,2020-07-07,Location45,These are some notes for interaction 777,186
778,2020-07-12,Location20,These are some notes for interaction 778,186
779,2020-05-10,Location41,These are some notes for interaction 779,187
780,2020-06-01,Location1,These are some notes for interaction 780,187
781,2020-06-13,Location3,These are some notes for interaction 781,187
782,2020-06-15,Location35,These are some notes for interaction 782,187
783,2020-10-13,Location19,These are some notes for interaction 783,188
784,2020-11-06,Location5,These are some notes for interaction 784,188
785,2020-12-01,Location34,These are some notes for interaction 785,188
786,2020-12-24,Location27,These are some notes for interaction 786,188
787,2021-01-05,Location41,These are some notes for interaction 787,188
788,2021-01-24,Location30,These are some notes for interaction 788,188
789,2021-02-07,Location7,These are some notes for interaction 789,188
790,2020-10-09,Location41,These are some notes for interaction 790,189
791,2020-10-23,Location4,These are some notes for interaction 791,189
792,2020-11-15,Location10,These are some notes for interaction 792,189
793,2020-11-30,Location10,These are some notes for interaction 793,189
794,2020-12-05,Location7,These are some notes for interaction 794,189
795,2020-12-26,Location16,These are some notes for interaction 795,189
796,2021-01-17,Location43,These are some notes for interaction 796,189
797,2020-05-10,Location23,These are some notes for interaction 797,190
798,2020-05-28,Location33,These are some notes for interaction 798,190
799,2020-06-04,Location41,These are some notes for interaction 799,190
800,2020-06-04,Location28,These are some notes for interaction 800,190
801,2020-06-14,Location15,These are some notes for interaction 801,190
802,2020-06-29,Location31,These are some notes for interaction 802,190
803,2020-07-09,Location42,These are some notes for interaction 803,190
804,2020-03-07,Location34,These are some notes for interaction 804,191
805,2020-03-08,Location37,These are some notes for interaction 805,191
806,2020-03-25,Location32,These are some notes for interaction 806,191
807,2020-04-19,Location19,These are some notes for interaction 807,191
808,2021-02-17,Location0,These are some notes for interaction 808,192
809,2021-02-19,Location11,These are some notes for interaction 809,192
810,2021-03-06,Location41,These are some notes for interaction 810,192
811,2020-09-19,Location42,These are some notes for interaction 811,193
812,2020-10-01,Location36,These are some notes for interaction 812,193
813,2020-10-03,Location5,These are some notes for interaction 813,193
814,2020-10-04,Location47,These are some notes for interaction 814,193
815,2021-01-20,Location38,These are some notes for interaction 815,194
816,2020-08-21,Location6,These are some notes for interaction 816,195
817,2020-09-14,Location45,These are some notes for interaction 817,195
818,2020-09-27,Location44,These are some notes for interaction 818,195
819,2020-10-07,Location17,These are some notes for interaction 819,195
820,2020-10-24,Location11,These are some notes for interaction 820,195
821,2020-11-14,Location22,These are some notes for interaction 821,195
822,2020-11-21,Location10,These are some notes for interaction 822,195
823,2020-11-24,Location22,These are some notes for interaction 823,195
824,2020-04-07,Location46,These are some notes for interaction 824,196
825,2020-04-19,Location48,These are some notes for interaction 825,196
826,2020-04-24,Location26,These are some notes for interaction 826,196
827,2020-05-17,Location31,These are some notes for interaction 827,196
828,2020-05-24,Location20,These are some notes for interaction 828,196
829,2020-05-24,Location2,These are some notes for interaction 829,196
830,2020-05-31,Location31,These are some notes for interaction 830,196
831,2020-06-09,Location17,These are some notes for interaction 831,196
832,2020-08-12,Location1,These are some notes for interaction 832,197
833,2020-08-29,Location31,These are some notes for interaction 833,197
834,2020-09-07,Location9,These are some notes for interaction 834,197
835,2020-09-11,Location1,These are some notes for interaction 835,197
836,2020-09-21,Location14,These are some notes for interaction 836,197
837,2020-10-14,Location47,These are some notes for interaction 837,197
838,2020-11-03,Location22,These are some notes for interaction 838,197
839,2020-11-26,Location2,These are some notes for interaction 839,197
840,2020-12-21,Location48,These are some notes for interaction 840,197
841,2020-12-22,Location37,These are some notes for interaction 841,197
842,2020-10-05,Location38,These are some notes for interaction 842,198
843,2020-10-24,Location10,These are some notes for interaction 843,198
844,2020-11-05,Location47,These are some notes for interaction 844,198
845,2020-09-23,Location2,These are some notes for interaction 845,199
846,2020-10-12,Location18,These are some notes for interaction 846,199
847,2020-11-06,Location22,These are some notes for interaction 847,199
848,2020-11-09,Location46,These are some notes for interaction 848,199
849,2020-11-09,Location9,These are some notes for interaction 849,199
850,2020-08-26,Location13,These are some notes for interaction 850,200
851,2020-09-08,Location28,These are some notes for interaction 851,200
852,2020-10-01,Location32,These are some notes for interaction 852,200
853,2020-10-08,Location28,These are some notes for interaction 853,200
854,2020-10-21,Location12,These are some notes for interaction 854,200
855,2020-10-25,Location22,These are some notes for interaction 855,200
856,2020-11-03,Location40,These are some notes for interaction 856,201
857,2020-11-10,Location20,These are some notes for interaction 857,201
858,2020-11-20,Location8,These are some notes for interaction 858,201
859,2020-12-02,Location23,These are some notes for interaction 859,201
860,2020-12-07,Location4,These are some notes for interaction 860,201
861,2020-12-13,Location34,These are some notes for interaction 861,201
862,2021-01-06,Location16,These are some notes for interaction 862,201
863,2020-11-21,Location16,These are some notes for interaction 863,202
864,2020-12-05,Location25,These are some notes for interaction 864,202
865,2020-12-30,Location20,These are some notes for interaction 865,202
866,2021-01-15,Location6,These are some notes for interaction 866,202
867,2021-01-27,Location50,These are some notes for interaction 867,202
868,2021-02-17,Location9,These are some notes for interaction 868,202
869,2021-01-25,Location9,These are some notes for interaction 869,203
870,2021-01-27,Location15,These are some notes for interaction 870,203
871,2021-01-27,Location20,These are some notes for interaction 871,203
872,2021-01-27,Location16,These are some notes for interaction 872,203
873,2021-02-08,Location0,These are some notes for interaction 873,203
874,2021-02-20,Location46,These are some notes for interaction 874,203
875,2020-11-23,Location43,These are some notes for interaction 875,204
876,2020-12-03,Location16,These are some notes for interaction 876,204
877,2020-12-27,Location38,These are some notes for interaction 877,204
878,2020-12-31,Location46,These are some notes for interaction 878,204
879,2021-01-25,Location17,These are some notes for interaction 879,204
880,2020-09-10,Location4,These are some notes for interaction 880,205
881,2020-09-21,Location23,These are some notes for interaction 881,205
882,2020-09-22,Location32,These are some notes for interaction 882,205
883,2020-10-06,Location13,These are some notes for interaction 883,205
884,2020-10-09,Location23,These are some notes for interaction 884,205
885,2020-10-19,Location42,These are some notes for interaction 885,205
886,2020-10-24,Location40,These are some notes for interaction 886,205
887,2020-11-12,Location48,These are some notes for interaction 887,205
888,2020-08-04,Location17,These are some notes for interaction 888,207
889,2020-05-29,Location0,These are some notes for interaction 889,208
890,2020-06-02,Location3,These are some notes for interaction 890,208
891,2020-06-16,Location0,These are some notes for interaction 891,208
892,2020-06-27,Location21,These are some notes for interaction 892,208
893,2020-07-08,Location46,These are some notes for interaction 893,208
894,2020-08-01,Location8,These are some notes for interaction 894,208
895,2020-12-10,Location39,These are some notes for interaction 895,209
896,2021-01-01,Location29,These are some notes for interaction 896,209
897,2021-01-13,Location37,These are some notes for interaction 897,209
898,2021-01-17,Location24,These are some notes for interaction 898,209
899,2020-12-19,Location44,These are some notes for interaction 899,210
900,2021-01-06,Location34,These are some notes for interaction 900,210
901,2021-01-28,Location0,These are some notes for interaction 901,210
902,2021-02-05,Location2,These are some notes for interaction 902,210
903,2021-02-20,Location3,These are some notes for interaction 903,210
904,2021-02-21,Location42,These are some notes for interaction 904,210
905,2021-02-25,Location4,These are some notes for interaction 905,210
906,2021-03-08,Location1,These are some notes for interaction 906,210
907,2020-09-08,Location32,These are some notes for interaction 907,212
908,2020-10-01,Location21,These are some notes for interaction 908,212
909,2020-10-14,Location18,These are some notes for interaction 909,212
910,2020-11-04,Location36,These are some notes for interaction 910,212
911,2020-09-12,Location46,These are some notes for interaction 911,213
912,2020-09-14,Location9,These are some notes for interaction 912,213
913,2020-09-30,Location15,These are some notes for interaction 913,213
914,2020-10-08,Location44,These are some notes for interaction 914,213
915,2020-07-01,Location41,These are some notes for interaction 915,214
916,2020-07-07,Location3,These are some notes for interaction 916,214
917,2020-07-14,Location2,These are some notes for interaction 917,214
918,2020-07-27,Location7,These are some notes for interaction 918,214
919,2020-08-19,Location41,These are some notes for interaction 919,214
920,2020-09-13,Location38,These are some notes for interaction 920,214
921,2020-09-13,Location4,These are some notes for interaction 921,214
922,2020-10-06,Location35,These are some notes for interaction 922,214
923,2020-07-10,Location15,These are some notes for interaction 923,215
924,2020-07-19,Location34,These are some notes for interaction 924,215
925,2020-08-03,Location9,These are some notes for interaction 925,215
926,2020-05-23,Location9,These are some notes for interaction 926,216
927,2020-06-10,Location28,These are some notes for interaction 927,216
928,2020-06-18,Location42,These are some notes for interaction 928,216
929,2020-09-05,Location20,These are some notes for interaction 929,217
930,2020-09-26,Location48,These are some notes for interaction 930,217
931,2020-10-03,Location13,These are some notes for interaction 931,217
932,2020-10-25,Location6,These are some notes for interaction 932,217
933,2020-11-08,Location48,These are some notes for interaction 933,217
934,2020-11-27,Location31,These are some notes for interaction 934,217
935,2020-12-12,Location25,These are some notes for interaction 935,217
936,2020-12-15,Location5,These are some notes for interaction 936,217
937,2021-01-08,Location25,These are some notes for interaction 937,217
938,2021-01-18,Location31,These are some notes for interaction 938,217
939,2020-08-26,Location49,These are some notes for interaction 939,218
940,2020-09-01,Location23,These are some notes for interaction 940,218
941,2020-09-05,Location19,These are some notes for interaction 941,218
942,2020-09-24,Location20,These are some notes for interaction 942,218
943,2020-10-14,Location9,These are some notes for interaction 943,218
944,2020-10-19,Location3,These are some notes for interaction 944,218
945,2020-10-20,Location9,These are some notes for interaction 945,218
946,2020-06-17,Location8,These are some notes for interaction 946,219
947,2020-06-29,Location33,These are some notes for interaction 947,219
948,2020-07-13,Location17,These are some notes for interaction 948,219
949,2020-08-05,Location28,These are some notes for interaction 949,219
950,2020-08-27,Location49,These are some notes for interaction 950,219
951,2020-09-07,Location26,These are some notes for interaction 951,219
952,2020-09-17,Location44,These are some notes for interaction 952,219
953,2020-09-30,Location31,These are some notes for interaction 953,219
954,2020-10-11,Location21,These are some notes for interaction 954,219
955,2020-10-23,Location50,These are some notes for interaction 955,219
956,2020-07-06,Location18,These are some notes for interaction 956,220
957,2020-07-26,Location43,These are some notes for interaction 957,220
958,2021-02-27,Location49,These are some notes for interaction 958,221
959,2021-03-09,Location12,These are some notes for interaction 959,221
960,2021-03-09,Location18,These are some notes for interaction 960,221
961,2021-01-10,Location5,These are some notes for interaction 961,222
962,2021-01-19,Location0,These are some notes for interaction 962,222
963,2021-01-19,Location18,These are some notes for interaction 963,222
964,2021-02-13,Location45,These are some notes for interaction 964,222
965,2021-02-15,Location30,These are some notes for interaction 965,222
966,2021-02-20,Location4,These are some notes for interaction 966,222
967,2020-09-22,Location34,These are some notes for interaction 967,224
968,2020-09-27,Location34,These are some notes for interaction 968,224
969,2020-07-02,Location18,These are some notes for interaction 969,225
970,2020-07-19,Location7,These are some notes for interaction 970,225
971,2020-08-09,Location19,These are some notes for interaction 971,225
972,2020-08-27,Location29,These are some notes for interaction 972,225
973,2020-09-17,Location35,These are some notes for interaction 973,225
974,2020-09-24,Location2,These are some notes for interaction 974,225
975,2021-01-25,Location46,These are some notes for interaction 975,226
976,2021-02-08,Location16,These are some notes for interaction 976,226
977,2021-02-25,Location30,These are some notes for interaction 977,226
978,2020-10-21,Location19,These are some notes for interaction 978,227
979,2020-11-06,Location16,These are some notes for interaction 979,227
980,2020-11-22,Location37,These are some notes for interaction 980,227
981,2020-12-01,Location8,These are some notes for interaction 981,227
982,2020-07-20,Location49,These are some notes for interaction 982,228
983,2020-12-24,Location31,These are some notes for interaction 983,229
984,2021-01-01,Location25,These are some notes for interaction 984,229
985,2020-10-20,Location27,These are some notes for interaction 985,230
986,2020-10-26,Location50,These are some notes for interaction 986,230
987,2020-11-04,Location22,These are some notes for interaction 987,230
988,2020-11-21,Location34,These are some notes for interaction 988,230
989,2020-03-23,Location19,These are some notes for interaction 989,231
990,2020-03-28,Location3,These are some notes for interaction 990,231
991,2020-04-08,Location1,These are some notes for interaction 991,231
992,2020-04-26,Location17,These are some notes for interaction 992,231
993,2020-04-28,Location26,These are some notes for interaction 993,231
994,2020-04-30,Location47,These are some notes for interaction 994,231
995,2020-08-30,Location4,These are some notes for interaction 995,232
996,2020-05-23,Location26,These are some notes for interaction 996,233
997,2020-03-19,Location23,These are some notes for interaction 997,234
998,2020-07-11,Location36,These are some notes for interaction 998,235
999,2020-07-19,Location20,These are some notes for interaction 999,235
1000,2020-07-31,Location6,These are some notes for interaction 1000,235
1001,2020-08-13,Location35,These are some notes for interaction 1001,235
1002,2020-08-15,Location1,These are some notes for interaction 1002,235
1003,2020-09-09,Location45,These are some notes for interaction 1003,235
1004,2020-09-25,Location12,These are some notes for interaction 1004,235
1005,2020-10-07,Location29,These are some notes for interaction 1005,235
1006,2020-04-07,Location25,These are some notes for interaction 1006,236
1007,2020-04-26,Location49,These are some notes for interaction 1007,236
1008,2020-05-17,Location8,These are some notes for interaction 1008,236
1009,2020-06-06,Location42,These are some notes for interaction 1009,236
1010,2020-06-29,Location45,These are some notes for interaction 1010,236
1011,2020-07-03,Location0,These are some notes for interaction 1011,236
1012,2020-10-21,Location19,These are some notes for interaction 1012,237
1013,2020-08-15,Location39,These are some notes for interaction 1013,238
1014,2020-08-18,Location27,These are some notes for interaction 1014,238
1015,2020-09-02,Location20,These are some notes for interaction 1015,238
1016,2020-09-04,Location34,These are some notes for interaction 1016,238
1017,2020-09-28,Location17,These are some notes for interaction 1017,238
1018,2020-10-01,Location43,These are some notes for interaction 1018,238
1019,2020-10-07,Location34,These are some notes for interaction 1019,238
1020,2020-11-01,Location11,These are some notes for interaction 1020,238
1021,2020-11-08,Location33,These are some notes for interaction 1021,238
1022,2020-11-19,Location20,These are some notes for interaction 1022,238
1023,2020-12-02,Location6,These are some notes for interaction 1023,239
1024,2020-12-10,Location20,These are some notes for interaction 1024,239
1025,2021-01-01,Location39,These are some notes for interaction 1025,239
1026,2021-01-17,Location45,These are some notes for interaction 1026,239
1027,2021-01-28,Location16,These are some notes for interaction 1027,239
1028,2021-02-10,Location44,These are some notes for interaction 1028,239
1029,2020-12-20,Location0,These are some notes for interaction 1029,240
1030,2020-12-21,Location22,These are some notes for interaction 1030,240
1031,2021-01-09,Location9,These are some notes for interaction 1031,240
1032,2021-01-28,Location19,These are some notes for interaction 1032,241
1033,2021-02-07,Location44,These are some notes for interaction 1033,241
1034,2021-02-15,Location16,These are some notes for interaction 1034,241
1035,2020-10-13,Location4,These are some notes for interaction 1035,242
1036,2020-11-06,Location49,These are some notes for interaction 1036,242
1037,2020-11-13,Location5,These are some notes for interaction 1037,242
1038,2020-11-15,Location25,These are some notes for interaction 1038,242
1039,2020-12-01,Location8,These are some notes for interaction 1039,242
1040,2020-12-07,Location19,These are some notes for interaction 1040,242
1041,2020-12-26,Location44,These are some notes for interaction 1041,242
1042,2020-04-29,Location42,These are some notes for interaction 1042,243
1043,2020-05-17,Location25,These are some notes for interaction 1043,243
1044,2020-05-29,Location36,These are some notes for interaction 1044,243
1045,2020-06-09,Location23,These are some notes for interaction 1045,243
1046,2020-07-04,Location45,These are some notes for interaction 1046,243
1047,2020-07-22,Location49,These are some notes for interaction 1047,243
1048,2020-08-15,Location25,These are some notes for interaction 1048,243
1049,2020-08-31,Location19,These are some notes for interaction 1049,243
1050,2020-09-14,Location32,These are some notes for interaction 1050,243
1051,2020-12-05,Location12,These are some notes for interaction 1051,244
1052,2020-12-20,Location18,These are some notes for interaction 1052,244
1053,2020-12-25,Location32,These are some notes for interaction 1053,244
1054,2020-12-28,Location39,These are some notes for interaction 1054,244
1055,2021-01-08,Location31,These are some notes for interaction 1055,244
1056,2021-01-22,Location8,These are some notes for interaction 1056,244
1057,2021-01-27,Location42,These are some notes for interaction 1057,244
1058,2020-04-12,Location14,These are some notes for interaction 1058,245
1059,2020-05-07,Location10,These are some notes for interaction 1059,245
1060,2020-05-11,Location27,These are some notes for interaction 1060,245
1061,2020-05-21,Location39,These are some notes for interaction 1061,245
1062,2020-06-10,Location10,These are some notes for interaction 1062,245
1063,2020-06-29,Location6,These are some notes for interaction 1063,245
1064,2020-07-18,Location47,These are some notes for interaction 1064,245
1065,2020-09-10,Location43,These are some notes for interaction 1065,246
1066,2020-09-24,Location10,These are some notes for interaction 1066,246
1067,2020-07-02,Location29,These are some notes for interaction 1067,247
1068,2020-07-05,Location16,These are some notes for interaction 1068,247
1069,2020-07-10,Location42,These are some notes for interaction 1069,247
1070,2020-07-12,Location40,These are some notes for interaction 1070,247
1071,2020-07-13,Location15,These are some notes for interaction 1071,247
1072,2020-07-18,Location27,These are some notes for interaction 1072,247
1073,2020-08-09,Location18,These are some notes for interaction 1073,247
1074,2020-08-24,Location45,These are some notes for interaction 1074,247
1075,2020-09-09,Location17,These are some notes for interaction 1075,247
1076,2020-09-11,Location10,These are some notes for interaction 1076,247
1077,2020-09-15,Location35,These are some notes for interaction 1077,248
1078,2020-10-09,Location13,These are some notes for interaction 1078,248
1079,2020-10-16,Location43,These are some notes for interaction 1079,248
1080,2020-10-27,Location1,These are some notes for interaction 1080,248
1081,2020-03-16,Location26,These are some notes for interaction 1081,249
